{
  "name": "Simulation Example",
  "DataTypes": {
    "Physics": {
      "type": "Data",
      "base": "Data",
      "value": {
        "physics body": {
          "type": "Object",
          "objType": "object",
          "value": null,
          "name": "physics body"
        },
        "enable physics": {
          "type": "Boolean",
          "value": false,
          "name": "enable physics"
        }
      },
      "name": "Physics"
    },
    "DataSprite": {
      "type": "Data",
      "base": "Data",
      "value": {
        "image name": {
          "type": "Text",
          "value": "default",
          "name": "image name"
        },
        "Group": {
          "type": "Data",
          "base": "Group",
          "value": {
            "name": {
              "type": "Text",
              "value": "default",
              "name": "name"
            },
            "enable physics": {
              "type": "Boolean",
              "value": false,
              "name": "enable physics"
            },
            "group object": {
              "type": "Object",
              "objType": "object",
              "value": null,
              "name": "group object"
            }
          },
          "name": "Group"
        },
        "Physics": {
          "type": "Data",
          "base": "Physics",
          "value": {
            "bounce": {
              "type": "Data",
              "base": "Data",
              "value": {
                "x": {
                  "type": "Number",
                  "value": 0,
                  "name": "x"
                },
                "y": {
                  "type": "Number",
                  "value": 0.5,
                  "name": "y"
                }
              },
              "name": "bounce"
            },
            "physics body": {
              "type": "Object",
              "objType": "object",
              "value": null,
              "name": "physics body"
            },
            "collideWorldBounds": {
              "type": "Boolean",
              "value": false,
              "name": "collideWorldBounds"
            },
            "immovable": {
              "type": "Boolean",
              "value": false,
              "name": "immovable"
            },
            "gravity": {
              "type": "Data",
              "base": "Data",
              "value": {
                "x": {
                  "type": "Number",
                  "value": 0,
                  "name": "x"
                },
                "y": {
                  "type": "Number",
                  "value": 300,
                  "name": "y"
                }
              },
              "name": "gravity"
            },
            "enable physics": {
              "type": "Boolean",
              "value": false,
              "name": "enable physics"
            }
          },
          "name": "Physics"
        },
        "scale": {
          "type": "Data",
          "base": "Data",
          "value": {
            "x": {
              "type": "Number",
              "value": 1,
              "name": "x"
            },
            "y": {
              "type": "Number",
              "value": 1,
              "name": "y"
            }
          },
          "name": "scale"
        },
        "x": {
          "type": "Number",
          "value": 0,
          "name": "x"
        },
        "y": {
          "type": "Number",
          "value": 0,
          "name": "y"
        },
        "SpriteObject": {
          "type": "Object",
          "objType": "object",
          "value": null,
          "name": "SpriteObject"
        }
      },
      "name": "DataSprite"
    },
    "Group": {
      "type": "Data",
      "base": "Data",
      "value": {
        "name": {
          "type": "Text",
          "value": "default",
          "name": "name"
        },
        "enable physics": {
          "type": "Boolean",
          "value": false,
          "name": "enable physics"
        },
        "group object": {
          "type": "Object",
          "objType": "object",
          "value": null,
          "name": "group object"
        }
      },
      "name": "Group"
    }
  },
  "Fields": {
    "FieldGameEngine": {},
    "FieldErrorHandler": {},
    "FieldTestGame": {
      "FieldData": {
        "Stars": {
          "type": "DataTypes.DataSprite"
        }
      }
    },
    "FieldCanvas": {
      "Fields": {
        "FieldCollision": {
          "Actions": {
            "CheckOverlap": {
              "Data": [
                {
                  "name": "groupName",
                  "type": null
                },
                {
                  "name": "dataSprite",
                  "type": "DataTypes.DataSprite"
                }
              ],
              "ActionSignals": [
                "overlap",
                "notOverlap"
              ]
            },
            "AddCollisionCheck": {
              "Data": [
                {
                  "name": "groupNameB",
                  "type": null
                },
                {
                  "name": "groupNameA",
                  "type": null
                }
              ]
            },
            "CheckCollision": {}
          }
        },
        "FieldSprites": {
          "FieldData": {
            "DataSprite-type": {
              "type": "DataTypes.DataSprite"
            },
            "DataSprite 2": {
              "type": "DataTypes.DataSprite"
            }
          },
          "Actions": {
            "CreateSprite": {
              "Data": [
                {
                  "name": "DataSprite",
                  "type": "DataTypes.DataSprite"
                },
                {
                  "name": "DataSprite2",
                  "type": "DataTypes.DataSprite"
                }
              ],
              "ActionSignals": [
                "Error"
              ]
            }
          },
          "Fields": {
            "Group": {
              "Actions": {
                "Create Group": {
                  "Data": [
                    {
                      "name": "Group-type",
                      "type": "DataTypes.Group"
                    }
                  ],
                  "ActionSignals": [
                    "Error"
                  ]
                }
              }
            }
          }
        },
        "FieldTextView": {
          "Actions": {
            "Create TextView": {
              "Data": [
                {
                  "name": "DataText-type",
                  "type": null
                }
              ]
            },
            "Update TextView": {
              "Data": [
                {
                  "name": "DataText-type",
                  "type": null
                }
              ]
            }
          }
        }
      }
    }
  },
  "Agents": {
    "Canvas": {
      "name": "Canvas",
      "base": "Canvas",
      "Modules": {
        "SpriteActions": {
          "name": "SpriteActions",
          "Filename": "",
          "ImplementationClass": "ModuleSpriteActions",
          "Components": {
            "CreateSprite-refer": {
              "fieldInterface": "Fields.FieldCanvas.FieldSprites.CreateSprite",
              "params": {
                "Data": [
                  {
                    "name": "DataSprite",
                    "type": "DataTypes.DataSprite"
                  },
                  {
                    "name": "DataSprite2",
                    "type": "DataTypes.DataSprite"
                  }
                ],
                "ActionSignals": [
                  "Error"
                ]
              }
            },
            "Create Group-refer": {
              "fieldInterface": "Fields.FieldCanvas.FieldSprites.Group.Create Group",
              "params": {
                "Data": [
                  {
                    "name": "Group-type",
                    "type": "DataTypes.Group"
                  }
                ],
                "ActionSignals": [
                  "Error"
                ]
              }
            }
          },
          "init": {},
          "genFileName": "Canvas.SpriteActions",
          "agentName": "Canvas"
        }
      },
      "Bindings": {
        "0": {
          "0": {
            "type": "Action",
            "moduleName": "SpriteActions",
            "componentName": "CreateSprite-refer",
            "fieldName": "CreateSprite",
            "fieldAction": "Fields.FieldCanvas.FieldSprites.CreateSprite"
          },
          "1": {
            "type": "Action",
            "moduleName": "SpriteActions",
            "componentName": "Create Group-refer",
            "fieldName": "Create Group",
            "fieldAction": "Fields.FieldCanvas.FieldSprites.Group.Create Group"
          }
        }
      },
      "libraryAgents": {
        "Collider": {
          "name": "Collider",
          "base": "Canvas.library.Collider",
          "Modules": {
            "Collider": {
              "name": "Collider",
              "Filename": "",
              "ImplementationClass": "ModuleCollider",
              "Components": {
                "CheckCollision": {
                  "fieldInterface": "Fields.FieldCanvas.FieldCollision.CheckCollision",
                  "params": {}
                },
                "AddCollisionCheck": {
                  "fieldInterface": "Fields.FieldCanvas.FieldCollision.AddCollisionCheck",
                  "params": {
                    "Data": [
                      {
                        "name": "groupNameB",
                        "type": null
                      },
                      {
                        "name": "groupNameA",
                        "type": null
                      }
                    ]
                  }
                },
                "CheckOverlap": {
                  "fieldInterface": "Fields.FieldCanvas.FieldCollision.CheckOverlap",
                  "params": {
                    "Data": [
                      {
                        "name": "groupName",
                        "type": null
                      },
                      {
                        "name": "dataSprite",
                        "type": "DataTypes.DataSprite"
                      }
                    ],
                    "ActionSignals": [
                      "overlap",
                      "notOverlap"
                    ]
                  }
                }
              },
              "init": {},
              "genFileName": "Canvas.library.Collider.Collider",
              "agentName": "Canvas.library.Collider"
            }
          },
          "Courses": {
            "CheckCollision": {
              "signals": [
                {
                  "name": "SignalUpdate",
                  "type": "Field",
                  "path": "Fields.FieldGameEngine.SignalUpdate"
                }
              ],
              "courseAction": "CheckCollision"
            }
          },
          "CourseActions": {
            "CheckCollision": {
              "fieldActions": [
                {
                  "name": "CheckCollision",
                  "field": "Fields.FieldCanvas.FieldCollision.CheckCollision"
                }
              ]
            }
          },
          "Bindings": {
            "0": {
              "0": {
                "type": "Action",
                "moduleName": "Collider",
                "componentName": "CheckOverlap",
                "fieldName": "CheckOverlap",
                "fieldAction": "Fields.FieldCanvas.FieldCollision.CheckOverlap"
              },
              "1": {
                "type": "Action",
                "moduleName": "Collider",
                "componentName": "AddCollisionCheck",
                "fieldName": "AddCollisionCheck",
                "fieldAction": "Fields.FieldCanvas.FieldCollision.AddCollisionCheck"
              },
              "2": {
                "type": "Action",
                "moduleName": "Collider",
                "componentName": "CheckCollision",
                "fieldName": "CheckCollision",
                "fieldAction": "Fields.FieldCanvas.FieldCollision.CheckCollision"
              }
            }
          }
        },
        "Sprite": {
          "name": "Sprite",
          "base": "Canvas.library.Sprite",
          "Data": {
            "DataSprite": {
              "type": "Data",
              "base": "DataSprite",
              "name": "DataSprite"
            }
          },
          "Bindings": {
            "0": {
              "0": {
                "type": "Data",
                "data": "Data.DataSprite",
                "fieldName": "DataSprite-type",
                "fieldData": "Fields.FieldCanvas.FieldSprites.DataSprite-type"
              }
            }
          },
          "CourseActions": {
            "Create Group": {
              "data": {
                "Group-type": {
                  "type": "DataTypes.Group",
                  "value": "Data.DataSprite.Group"
                }
              },
              "CourseActionSignals": {
                "Error": {
                  "Signal": {
                    "name": "Critical Error",
                    "type": "Field",
                    "path": "Fields.FieldErrorHandler.Critical Error"
                  }
                }
              },
              "fieldActions": [
                {
                  "name": "Create Group",
                  "field": "Fields.FieldCanvas.FieldSprites.Group.Create Group",
                  "data": {
                    "Group-type": {
                      "type": "DataTypes.Group",
                      "value": "Group-type"
                    }
                  },
                  "ActionSignals": {
                    "Error": {
                      "CourseActionSignal": "Error"
                    }
                  }
                }
              ]
            },
            "Create Sprite": {
              "data": {
                "DataSprite-type": {
                  "type": "DataTypes.DataSprite",
                  "value": "Data.DataSprite"
                }
              },
              "CourseActionSignals": {
                "Error": {
                  "Signal": {
                    "name": "Critical Error",
                    "type": "Field",
                    "path": "Fields.FieldErrorHandler.Critical Error"
                  }
                }
              },
              "fieldActions": [
                {
                  "name": "CreateSprite",
                  "field": "Fields.FieldCanvas.FieldSprites.CreateSprite",
                  "data": {
                    "DataSprite": {
                      "type": "DataTypes.DataSprite",
                      "value": "DataSprite-type"
                    },
                    "DataSprite2": {
                      "type": "DataTypes.DataSprite",
                      "value": null
                    }
                  },
                  "ActionSignals": {
                    "Error": {
                      "CourseActionSignal": "Error"
                    }
                  }
                }
              ]
            }
          },
          "Courses": {
            "create sprite under group": {
              "childs": [
                {
                  "name": "CreateGroup",
                  "type": "Course",
                  "courseAction": "Create Group"
                },
                {
                  "name": "CreateSprite",
                  "type": "Course",
                  "courseAction": "Create Sprite"
                }
              ],
              "signals": [
                {
                  "name": "SignalCreate",
                  "type": "Field",
                  "path": "Fields.FieldGameEngine.SignalCreate"
                }
              ],
              "courseAction": null
            }
          }
        }
      },
      "childs": {
        "Collider": {
          "name": "Collider",
          "base": "Canvas.library.Collider",
          "Courses": {
            "CheckCollision": {
              "signals": [
                {
                  "name": "SignalUpdate",
                  "type": "Field",
                  "path": "Fields.FieldGameEngine.SignalUpdate"
                }
              ],
              "courseAction": "CheckCollision"
            }
          },
          "CourseActions": {
            "CheckCollision": {
              "fieldActions": [
                {
                  "name": "CheckCollision",
                  "field": "Fields.CheckCollision"
                }
              ]
            }
          }
        }
      }
    },
    "Error Handler": {
      "name": "Error Handler",
      "base": "Error Handler",
      "Courses": {
        "Report Critical Error": {
          "courseAction": null
        }
      }
    },
    "Test Game": {
      "name": "Test Game",
      "base": "Test Game",
      "CourseActions": {
        "CollisionHeroPlatform": {
          "data": {
            "groupNameA": {
              "type": null,
              "value": "childs.Ground.childs.Sprite.Data.DataSprite.Group.name"
            },
            "groupNameB": {
              "type": null,
              "value": "childs.Hero.childs.Sprite.Data.DataSprite.Group.name"
            }
          },
          "fieldActions": [
            {
              "name": "AddCollisionCheck",
              "field": "Fields.FieldCanvas.FieldCollision.AddCollisionCheck",
              "data": {
                "groupNameA": {
                  "type": null,
                  "value": "groupNameA"
                },
                "groupNameB": {
                  "type": null,
                  "value": "groupNameB"
                }
              }
            }
          ]
        },
        "CheckOverlapHeroStar": {
          "data": {
            "dataSprite": {
              "type": "DataTypes.DataSprite",
              "value": "childs.Hero.childs.Sprite.Data.DataSprite"
            },
            "groupName": {
              "type": null,
              "value": "childs.Star1.childs.Sprite.Data.DataSprite.Group.name"
            }
          },
          "CourseActionSignals": {
            "Overlapped": {
              "Signal": {
                "name": "CollectStar",
                "type": "Field",
                "path": "Fields.FieldTestGame.CollectStar"
              }
            },
            "NotOverlapped": {
              "Signal": null
            }
          },
          "fieldActions": [
            {
              "name": "CheckOverlap",
              "field": "Fields.FieldCanvas.FieldCollision.CheckOverlap",
              "data": {
                "groupName": {
                  "type": null,
                  "value": "groupName"
                },
                "dataSprite": {
                  "type": "DataTypes.DataSprite",
                  "value": "dataSprite"
                }
              },
              "ActionSignals": {
                "overlap": {
                  "CourseActionSignal": "Overlapped"
                },
                "notOverlap": {
                  "CourseActionSignal": "NotOverlapped"
                }
              }
            }
          ]
        },
        "CollisionStarPlatform": {
          "data": {
            "groupNameA": {
              "type": null,
              "value": "childs.Star1.childs.Sprite.Data.DataSprite.Group.name"
            },
            "groupNameB": {
              "type": null,
              "value": "childs.Ground.childs.Sprite.Data.DataSprite.Group.name"
            }
          },
          "fieldActions": [
            {
              "name": "AddCollisionCheck",
              "field": "Fields.FieldCanvas.FieldCollision.AddCollisionCheck",
              "data": {
                "groupNameA": {
                  "type": null,
                  "value": "groupNameA"
                },
                "groupNameB": {
                  "type": null,
                  "value": "groupNameB"
                }
              }
            }
          ]
        }
      },
      "libraryAgents": {
        "Hero": {
          "name": "Hero",
          "base": "Test Game.library.Hero",
          "Bindings": {
            "0": {
              "0": {
                "type": "Data",
                "data": "childs.Sprite.Data.DataSprite",
                "fieldName": "Stars",
                "fieldData": "Fields.FieldTestGame.Stars"
              }
            }
          },
          "libraryAgents": {
            "SampleAgent": {
              "name": "SampleAgent",
              "base": "Test Game.library.Hero.library.SampleAgent",
              "libraryAgents": {
                "SampleAgent2": {
                  "name": "SampleAgent2",
                  "base": "Test Game.library.Hero.library.SampleAgent.library.SampleAgent2"
                }
              }
            }
          },
          "childs": {
            "Sprite": {
              "name": "Sprite",
              "base": "Canvas.library.Sprite",
              "Data": {
                "DataSprite": {
                  "type": "Data",
                  "base": "DataSprite",
                  "value": {
                    "image name": {
                      "type": "Text",
                      "value": "dude",
                      "name": "image name"
                    },
                    "Group": {
                      "type": "Data",
                      "base": "Group",
                      "value": {
                        "enable physics": {
                          "type": "Boolean",
                          "value": true,
                          "name": "enable physics"
                        }
                      },
                      "name": "Group"
                    },
                    "Physics": {
                      "type": "Data",
                      "base": "Physics",
                      "value": {
                        "collideWorldBounds": {
                          "type": "Boolean",
                          "value": true,
                          "name": "collideWorldBounds"
                        }
                      },
                      "name": "Physics"
                    }
                  },
                  "name": "DataSprite"
                }
              },
              "Courses": {
                "create sprite under group": {
                  "childs": [
                    {
                      "name": "CreateGroup",
                      "type": "Course",
                      "courseAction": "Create Group"
                    },
                    {
                      "name": "CreateSprite",
                      "type": "Course",
                      "courseAction": "Create Sprite"
                    }
                  ],
                  "signals": [
                    {
                      "name": "SignalCreate",
                      "type": "Field",
                      "path": "Fields.FieldGameEngine.SignalCreate"
                    }
                  ],
                  "courseAction": null
                }
              },
              "CourseActions": {
                "Create Group": {
                  "data": {
                    "Group-type": {
                      "type": "DataTypes.Group",
                      "value": "Data.DataSprite.Group"
                    }
                  },
                  "CourseActionSignals": {
                    "Error": {
                      "Signal": {
                        "name": "Critical Error",
                        "type": "Field",
                        "path": "Fields.FieldErrorHandler.Critical Error"
                      }
                    }
                  },
                  "fieldActions": [
                    {
                      "name": "Create Group",
                      "field": "Fields.Create Group",
                      "data": {
                        "Group-type": {
                          "type": "DataTypes.Group",
                          "value": "Group-type"
                        }
                      },
                      "ActionSignals": {
                        "Error": {
                          "CourseActionSignal": "Error"
                        }
                      }
                    }
                  ]
                },
                "Create Sprite": {
                  "data": {
                    "DataSprite-type": {
                      "type": "DataTypes.DataSprite",
                      "value": "Data.DataSprite"
                    }
                  },
                  "CourseActionSignals": {
                    "Error": {
                      "Signal": {
                        "name": "Critical Error",
                        "type": "Field",
                        "path": "Fields.FieldErrorHandler.Critical Error"
                      }
                    }
                  },
                  "fieldActions": [
                    {
                      "name": "CreateSprite",
                      "field": "Fields.CreateSprite",
                      "data": {
                        "DataSprite": {
                          "type": "DataTypes.DataSprite",
                          "value": "DataSprite-type"
                        },
                        "DataSprite2": {
                          "type": "DataTypes.DataSprite",
                          "value": null
                        }
                      },
                      "ActionSignals": {
                        "Error": {
                          "CourseActionSignal": "Error"
                        }
                      }
                    }
                  ]
                }
              }
            }
          }
        },
        "Platform": {
          "name": "Platform",
          "base": "Test Game.library.Platform",
          "Bindings": {
            "0": {
              "0": {
                "type": "Data",
                "data": "childs.Sprite.Data.DataSprite",
                "fieldName": "Stars",
                "fieldData": "Fields.FieldTestGame.Stars"
              }
            }
          },
          "childs": {
            "Sprite": {
              "name": "Sprite",
              "base": "Canvas.library.Sprite",
              "Data": {
                "DataSprite": {
                  "type": "Data",
                  "base": "DataSprite",
                  "value": {
                    "image name": {
                      "type": "Text",
                      "value": "ground",
                      "name": "image name"
                    },
                    "Group": {
                      "type": "Data",
                      "base": "Group",
                      "value": {
                        "name": {
                          "type": "Text",
                          "value": "platform",
                          "name": "name"
                        },
                        "enable physics": {
                          "type": "Boolean",
                          "value": true,
                          "name": "enable physics"
                        }
                      },
                      "name": "Group"
                    },
                    "Physics": {
                      "type": "Data",
                      "base": "Physics",
                      "value": {
                        "enable physics": {
                          "type": "Boolean",
                          "value": true,
                          "name": "enable physics"
                        },
                        "collideWorldBounds": {
                          "type": "Boolean",
                          "value": true,
                          "name": "collideWorldBounds"
                        },
                        "gravity": {
                          "type": "Data",
                          "base": "gravity",
                          "value": {
                            "y": {
                              "type": "Number",
                              "value": 0,
                              "name": "y"
                            }
                          },
                          "name": "gravity"
                        },
                        "immovable": {
                          "type": "Boolean",
                          "value": true,
                          "name": "immovable"
                        }
                      },
                      "name": "Physics"
                    },
                    "y": {
                      "type": "Number",
                      "value": 580,
                      "name": "y"
                    }
                  },
                  "name": "DataSprite"
                }
              },
              "Courses": {
                "create sprite under group": {
                  "childs": [
                    {
                      "name": "CreateGroup",
                      "type": "Course",
                      "courseAction": "Create Group"
                    },
                    {
                      "name": "CreateSprite",
                      "type": "Course",
                      "courseAction": "Create Sprite"
                    }
                  ],
                  "signals": [
                    {
                      "name": "SignalCreate",
                      "type": "Field",
                      "path": "Fields.FieldGameEngine.SignalCreate"
                    }
                  ],
                  "courseAction": null
                }
              },
              "CourseActions": {
                "Create Group": {
                  "data": {
                    "Group-type": {
                      "type": "DataTypes.Group",
                      "value": "Data.DataSprite.Group"
                    }
                  },
                  "CourseActionSignals": {
                    "Error": {
                      "Signal": {
                        "name": "Critical Error",
                        "type": "Field",
                        "path": "Fields.FieldErrorHandler.Critical Error"
                      }
                    }
                  },
                  "fieldActions": [
                    {
                      "name": "Create Group",
                      "field": "Fields.Create Group",
                      "data": {
                        "Group-type": {
                          "type": "DataTypes.Group",
                          "value": "Group-type"
                        }
                      },
                      "ActionSignals": {
                        "Error": {
                          "CourseActionSignal": "Error"
                        }
                      }
                    }
                  ]
                },
                "Create Sprite": {
                  "data": {
                    "DataSprite-type": {
                      "type": "DataTypes.DataSprite",
                      "value": "Data.DataSprite"
                    }
                  },
                  "CourseActionSignals": {
                    "Error": {
                      "Signal": {
                        "name": "Critical Error",
                        "type": "Field",
                        "path": "Fields.FieldErrorHandler.Critical Error"
                      }
                    }
                  },
                  "fieldActions": [
                    {
                      "name": "CreateSprite",
                      "field": "Fields.CreateSprite",
                      "data": {
                        "DataSprite": {
                          "type": "DataTypes.DataSprite",
                          "value": "DataSprite-type"
                        },
                        "DataSprite2": {
                          "type": "DataTypes.DataSprite",
                          "value": null
                        }
                      },
                      "ActionSignals": {
                        "Error": {
                          "CourseActionSignal": "Error"
                        }
                      }
                    }
                  ]
                }
              }
            }
          }
        },
        "Star": {
          "name": "Star",
          "base": "Test Game.library.Star",
          "Bindings": {
            "0": {
              "0": {
                "type": "Data",
                "data": "childs.Sprite.Data.DataSprite",
                "fieldName": "Stars",
                "fieldData": "Fields.FieldTestGame.Stars"
              }
            }
          },
          "childs": {
            "Sprite": {
              "name": "Sprite",
              "base": "Canvas.library.Sprite",
              "Data": {
                "DataSprite": {
                  "type": "Data",
                  "base": "DataSprite",
                  "value": {
                    "image name": {
                      "type": "Text",
                      "value": "star",
                      "name": "image name"
                    },
                    "Group": {
                      "type": "Data",
                      "base": "Group",
                      "value": {
                        "name": {
                          "type": "Text",
                          "value": "star",
                          "name": "name"
                        },
                        "enable physics": {
                          "type": "Boolean",
                          "value": true,
                          "name": "enable physics"
                        }
                      },
                      "name": "Group"
                    },
                    "Physics": {
                      "type": "Data",
                      "base": "Physics",
                      "value": {
                        "collideWorldBounds": {
                          "type": "Boolean",
                          "value": true,
                          "name": "collideWorldBounds"
                        }
                      },
                      "name": "Physics"
                    }
                  },
                  "name": "DataSprite"
                }
              },
              "Courses": {
                "create sprite under group": {
                  "childs": [
                    {
                      "name": "CreateGroup",
                      "type": "Course",
                      "courseAction": "Create Group"
                    },
                    {
                      "name": "CreateSprite",
                      "type": "Course",
                      "courseAction": "Create Sprite"
                    }
                  ],
                  "signals": [
                    {
                      "name": "SignalCreate",
                      "type": "Field",
                      "path": "Fields.FieldGameEngine.SignalCreate"
                    }
                  ],
                  "courseAction": null
                }
              },
              "CourseActions": {
                "Create Group": {
                  "data": {
                    "Group-type": {
                      "type": "DataTypes.Group",
                      "value": "Data.DataSprite.Group"
                    }
                  },
                  "CourseActionSignals": {
                    "Error": {
                      "Signal": {
                        "name": "Critical Error",
                        "type": "Field",
                        "path": "Fields.FieldErrorHandler.Critical Error"
                      }
                    }
                  },
                  "fieldActions": [
                    {
                      "name": "Create Group",
                      "field": "Fields.Create Group",
                      "data": {
                        "Group-type": {
                          "type": "DataTypes.Group",
                          "value": "Group-type"
                        }
                      },
                      "ActionSignals": {
                        "Error": {
                          "CourseActionSignal": "Error"
                        }
                      }
                    }
                  ]
                },
                "Create Sprite": {
                  "data": {
                    "DataSprite-type": {
                      "type": "DataTypes.DataSprite",
                      "value": "Data.DataSprite"
                    }
                  },
                  "CourseActionSignals": {
                    "Error": {
                      "Signal": {
                        "name": "Critical Error",
                        "type": "Field",
                        "path": "Fields.FieldErrorHandler.Critical Error"
                      }
                    }
                  },
                  "fieldActions": [
                    {
                      "name": "CreateSprite",
                      "field": "Fields.CreateSprite",
                      "data": {
                        "DataSprite": {
                          "type": "DataTypes.DataSprite",
                          "value": "DataSprite-type"
                        },
                        "DataSprite2": {
                          "type": "DataTypes.DataSprite",
                          "value": null
                        }
                      },
                      "ActionSignals": {
                        "Error": {
                          "CourseActionSignal": "Error"
                        }
                      }
                    }
                  ]
                }
              }
            }
          }
        }
      },
      "childs": {
        "Star5": {
          "name": "Star5",
          "base": "Test Game.library.Star",
          "childs": {
            "Sprite": {
              "name": "Sprite",
              "base": "Canvas.library.Sprite",
              "Data": {
                "DataSprite": {
                  "type": "Data",
                  "base": "DataSprite",
                  "value": {
                    "x": {
                      "type": "Number",
                      "value": 500,
                      "name": "x"
                    }
                  },
                  "name": "DataSprite"
                }
              },
              "Courses": {
                "create sprite under group": {
                  "childs": [
                    {
                      "name": "CreateGroup",
                      "type": "Course",
                      "courseAction": "Create Group"
                    },
                    {
                      "name": "CreateSprite",
                      "type": "Course",
                      "courseAction": "Create Sprite"
                    }
                  ],
                  "signals": [
                    {
                      "name": "SignalCreate",
                      "type": "Field",
                      "path": "Fields.FieldGameEngine.SignalCreate"
                    }
                  ],
                  "courseAction": null
                }
              },
              "CourseActions": {
                "Create Group": {
                  "data": {
                    "Group-type": {
                      "type": "DataTypes.Group",
                      "value": "Data.DataSprite.Group"
                    }
                  },
                  "CourseActionSignals": {
                    "Error": {
                      "Signal": {
                        "name": "Critical Error",
                        "type": "Field",
                        "path": "Fields.FieldErrorHandler.Critical Error"
                      }
                    }
                  },
                  "fieldActions": [
                    {
                      "name": "Create Group",
                      "field": "Fields.Create Group",
                      "data": {
                        "Group-type": {
                          "type": "DataTypes.Group",
                          "value": "Group-type"
                        }
                      },
                      "ActionSignals": {
                        "Error": {
                          "CourseActionSignal": "Error"
                        }
                      }
                    }
                  ]
                },
                "Create Sprite": {
                  "data": {
                    "DataSprite-type": {
                      "type": "DataTypes.DataSprite",
                      "value": "Data.DataSprite"
                    }
                  },
                  "CourseActionSignals": {
                    "Error": {
                      "Signal": {
                        "name": "Critical Error",
                        "type": "Field",
                        "path": "Fields.FieldErrorHandler.Critical Error"
                      }
                    }
                  },
                  "fieldActions": [
                    {
                      "name": "CreateSprite",
                      "field": "Fields.CreateSprite",
                      "data": {
                        "DataSprite": {
                          "type": "DataTypes.DataSprite",
                          "value": "DataSprite-type"
                        },
                        "DataSprite2": {
                          "type": "DataTypes.DataSprite",
                          "value": null
                        }
                      },
                      "ActionSignals": {
                        "Error": {
                          "CourseActionSignal": "Error"
                        }
                      }
                    }
                  ]
                }
              }
            }
          }
        },
        "Hero": {
          "name": "Hero",
          "base": "Test Game.library.Hero",
          "childs": {
            "Sprite": {
              "name": "Sprite",
              "base": "Canvas.library.Sprite",
              "Data": {
                "DataSprite": {
                  "type": "Data",
                  "base": "DataSprite",
                  "value": {
                    "x": {
                      "type": "Number",
                      "value": 10,
                      "name": "x"
                    },
                    "y": {
                      "type": "Number",
                      "value": 400,
                      "name": "y"
                    }
                  },
                  "name": "DataSprite"
                }
              },
              "Courses": {
                "create sprite under group": {
                  "childs": [
                    {
                      "name": "CreateGroup",
                      "type": "Course",
                      "courseAction": "Create Group"
                    },
                    {
                      "name": "CreateSprite",
                      "type": "Course",
                      "courseAction": "Create Sprite"
                    }
                  ],
                  "signals": [
                    {
                      "name": "SignalCreate",
                      "type": "Field",
                      "path": "Fields.FieldGameEngine.SignalCreate"
                    }
                  ],
                  "courseAction": null
                }
              },
              "CourseActions": {
                "Create Group": {
                  "data": {
                    "Group-type": {
                      "type": "DataTypes.Group",
                      "value": "Data.DataSprite.Group"
                    }
                  },
                  "CourseActionSignals": {
                    "Error": {
                      "Signal": {
                        "name": "Critical Error",
                        "type": "Field",
                        "path": "Fields.FieldErrorHandler.Critical Error"
                      }
                    }
                  },
                  "fieldActions": [
                    {
                      "name": "Create Group",
                      "field": "Fields.Create Group",
                      "data": {
                        "Group-type": {
                          "type": "DataTypes.Group",
                          "value": "Group-type"
                        }
                      },
                      "ActionSignals": {
                        "Error": {
                          "CourseActionSignal": "Error"
                        }
                      }
                    }
                  ]
                },
                "Create Sprite": {
                  "data": {
                    "DataSprite-type": {
                      "type": "DataTypes.DataSprite",
                      "value": "Data.DataSprite"
                    }
                  },
                  "CourseActionSignals": {
                    "Error": {
                      "Signal": {
                        "name": "Critical Error",
                        "type": "Field",
                        "path": "Fields.FieldErrorHandler.Critical Error"
                      }
                    }
                  },
                  "fieldActions": [
                    {
                      "name": "CreateSprite",
                      "field": "Fields.CreateSprite",
                      "data": {
                        "DataSprite": {
                          "type": "DataTypes.DataSprite",
                          "value": "DataSprite-type"
                        },
                        "DataSprite2": {
                          "type": "DataTypes.DataSprite",
                          "value": null
                        }
                      },
                      "ActionSignals": {
                        "Error": {
                          "CourseActionSignal": "Error"
                        }
                      }
                    }
                  ]
                }
              }
            }
          }
        },
        "Ground": {
          "name": "Ground",
          "base": "Test Game.library.Platform",
          "childs": {
            "Sprite": {
              "name": "Sprite",
              "base": "Canvas.library.Sprite",
              "Data": {
                "DataSprite": {
                  "type": "Data",
                  "base": "DataSprite",
                  "value": {
                    "scale": {
                      "type": "Data",
                      "base": "scale",
                      "value": {
                        "x": {
                          "type": "Number",
                          "value": 2,
                          "name": "x"
                        }
                      },
                      "name": "scale"
                    }
                  },
                  "name": "DataSprite"
                }
              },
              "Courses": {
                "create sprite under group": {
                  "childs": [
                    {
                      "name": "CreateGroup",
                      "type": "Course",
                      "courseAction": "Create Group"
                    },
                    {
                      "name": "CreateSprite",
                      "type": "Course",
                      "courseAction": "Create Sprite"
                    }
                  ],
                  "signals": [
                    {
                      "name": "SignalCreate",
                      "type": "Field",
                      "path": "Fields.FieldGameEngine.SignalCreate"
                    }
                  ],
                  "courseAction": null
                }
              },
              "CourseActions": {
                "Create Group": {
                  "data": {
                    "Group-type": {
                      "type": "DataTypes.Group",
                      "value": "Data.DataSprite.Group"
                    }
                  },
                  "CourseActionSignals": {
                    "Error": {
                      "Signal": {
                        "name": "Critical Error",
                        "type": "Field",
                        "path": "Fields.FieldErrorHandler.Critical Error"
                      }
                    }
                  },
                  "fieldActions": [
                    {
                      "name": "Create Group",
                      "field": "Fields.Create Group",
                      "data": {
                        "Group-type": {
                          "type": "DataTypes.Group",
                          "value": "Group-type"
                        }
                      },
                      "ActionSignals": {
                        "Error": {
                          "CourseActionSignal": "Error"
                        }
                      }
                    }
                  ]
                },
                "Create Sprite": {
                  "data": {
                    "DataSprite-type": {
                      "type": "DataTypes.DataSprite",
                      "value": "Data.DataSprite"
                    }
                  },
                  "CourseActionSignals": {
                    "Error": {
                      "Signal": {
                        "name": "Critical Error",
                        "type": "Field",
                        "path": "Fields.FieldErrorHandler.Critical Error"
                      }
                    }
                  },
                  "fieldActions": [
                    {
                      "name": "CreateSprite",
                      "field": "Fields.CreateSprite",
                      "data": {
                        "DataSprite": {
                          "type": "DataTypes.DataSprite",
                          "value": "DataSprite-type"
                        },
                        "DataSprite2": {
                          "type": "DataTypes.DataSprite",
                          "value": null
                        }
                      },
                      "ActionSignals": {
                        "Error": {
                          "CourseActionSignal": "Error"
                        }
                      }
                    }
                  ]
                }
              }
            }
          }
        },
        "Platform": {
          "name": "Platform",
          "base": "Test Game.library.Platform",
          "childs": {
            "Sprite": {
              "name": "Sprite",
              "base": "Canvas.library.Sprite",
              "Data": {
                "DataSprite": {
                  "type": "Data",
                  "base": "DataSprite",
                  "value": {
                    "y": {
                      "type": "Number",
                      "value": 300,
                      "name": "y"
                    },
                    "x": {
                      "type": "Number",
                      "value": 300,
                      "name": "x"
                    }
                  },
                  "name": "DataSprite"
                }
              },
              "Courses": {
                "create sprite under group": {
                  "childs": [
                    {
                      "name": "CreateGroup",
                      "type": "Course",
                      "courseAction": "Create Group"
                    },
                    {
                      "name": "CreateSprite",
                      "type": "Course",
                      "courseAction": "Create Sprite"
                    }
                  ],
                  "signals": [
                    {
                      "name": "SignalCreate",
                      "type": "Field",
                      "path": "Fields.FieldGameEngine.SignalCreate"
                    }
                  ],
                  "courseAction": null
                }
              },
              "CourseActions": {
                "Create Group": {
                  "data": {
                    "Group-type": {
                      "type": "DataTypes.Group",
                      "value": "Data.DataSprite.Group"
                    }
                  },
                  "CourseActionSignals": {
                    "Error": {
                      "Signal": {
                        "name": "Critical Error",
                        "type": "Field",
                        "path": "Fields.FieldErrorHandler.Critical Error"
                      }
                    }
                  },
                  "fieldActions": [
                    {
                      "name": "Create Group",
                      "field": "Fields.Create Group",
                      "data": {
                        "Group-type": {
                          "type": "DataTypes.Group",
                          "value": "Group-type"
                        }
                      },
                      "ActionSignals": {
                        "Error": {
                          "CourseActionSignal": "Error"
                        }
                      }
                    }
                  ]
                },
                "Create Sprite": {
                  "data": {
                    "DataSprite-type": {
                      "type": "DataTypes.DataSprite",
                      "value": "Data.DataSprite"
                    }
                  },
                  "CourseActionSignals": {
                    "Error": {
                      "Signal": {
                        "name": "Critical Error",
                        "type": "Field",
                        "path": "Fields.FieldErrorHandler.Critical Error"
                      }
                    }
                  },
                  "fieldActions": [
                    {
                      "name": "CreateSprite",
                      "field": "Fields.CreateSprite",
                      "data": {
                        "DataSprite": {
                          "type": "DataTypes.DataSprite",
                          "value": "DataSprite-type"
                        },
                        "DataSprite2": {
                          "type": "DataTypes.DataSprite",
                          "value": null
                        }
                      },
                      "ActionSignals": {
                        "Error": {
                          "CourseActionSignal": "Error"
                        }
                      }
                    }
                  ]
                }
              }
            }
          }
        },
        "Star1": {
          "name": "Star1",
          "base": "Test Game.library.Star",
          "childs": {
            "Sprite": {
              "name": "Sprite",
              "base": "Canvas.library.Sprite",
              "Data": {
                "DataSprite": {
                  "type": "Data",
                  "base": "DataSprite",
                  "value": {
                    "y": {
                      "type": "Number",
                      "value": 100,
                      "name": "y"
                    },
                    "x": {
                      "type": "Number",
                      "value": 200,
                      "name": "x"
                    }
                  },
                  "name": "DataSprite"
                }
              },
              "Courses": {
                "create sprite under group": {
                  "childs": [
                    {
                      "name": "CreateGroup",
                      "type": "Course",
                      "courseAction": "Create Group"
                    },
                    {
                      "name": "CreateSprite",
                      "type": "Course",
                      "courseAction": "Create Sprite"
                    }
                  ],
                  "signals": [
                    {
                      "name": "SignalCreate",
                      "type": "Field",
                      "path": "Fields.FieldGameEngine.SignalCreate"
                    }
                  ],
                  "courseAction": null
                }
              },
              "CourseActions": {
                "Create Group": {
                  "data": {
                    "Group-type": {
                      "type": "DataTypes.Group",
                      "value": "Data.DataSprite.Group"
                    }
                  },
                  "CourseActionSignals": {
                    "Error": {
                      "Signal": {
                        "name": "Critical Error",
                        "type": "Field",
                        "path": "Fields.FieldErrorHandler.Critical Error"
                      }
                    }
                  },
                  "fieldActions": [
                    {
                      "name": "Create Group",
                      "field": "Fields.Create Group",
                      "data": {
                        "Group-type": {
                          "type": "DataTypes.Group",
                          "value": "Group-type"
                        }
                      },
                      "ActionSignals": {
                        "Error": {
                          "CourseActionSignal": "Error"
                        }
                      }
                    }
                  ]
                },
                "Create Sprite": {
                  "data": {
                    "DataSprite-type": {
                      "type": "DataTypes.DataSprite",
                      "value": "Data.DataSprite"
                    }
                  },
                  "CourseActionSignals": {
                    "Error": {
                      "Signal": {
                        "name": "Critical Error",
                        "type": "Field",
                        "path": "Fields.FieldErrorHandler.Critical Error"
                      }
                    }
                  },
                  "fieldActions": [
                    {
                      "name": "CreateSprite",
                      "field": "Fields.CreateSprite",
                      "data": {
                        "DataSprite": {
                          "type": "DataTypes.DataSprite",
                          "value": "DataSprite-type"
                        },
                        "DataSprite2": {
                          "type": "DataTypes.DataSprite",
                          "value": null
                        }
                      },
                      "ActionSignals": {
                        "Error": {
                          "CourseActionSignal": "Error"
                        }
                      }
                    }
                  ]
                }
              }
            }
          }
        },
        "Star2": {
          "name": "Star2",
          "base": "Test Game.library.Star",
          "childs": {
            "Sprite": {
              "name": "Sprite",
              "base": "Canvas.library.Sprite",
              "Data": {
                "DataSprite": {
                  "type": "Data",
                  "base": "DataSprite",
                  "name": "DataSprite"
                }
              },
              "Courses": {
                "create sprite under group": {
                  "childs": [
                    {
                      "name": "CreateGroup",
                      "type": "Course",
                      "courseAction": "Create Group"
                    },
                    {
                      "name": "CreateSprite",
                      "type": "Course",
                      "courseAction": "Create Sprite"
                    }
                  ],
                  "signals": [
                    {
                      "name": "SignalCreate",
                      "type": "Field",
                      "path": "Fields.FieldGameEngine.SignalCreate"
                    }
                  ],
                  "courseAction": null
                }
              },
              "CourseActions": {
                "Create Group": {
                  "data": {
                    "Group-type": {
                      "type": "DataTypes.Group",
                      "value": "Data.DataSprite.Group"
                    }
                  },
                  "CourseActionSignals": {
                    "Error": {
                      "Signal": {
                        "name": "Critical Error",
                        "type": "Field",
                        "path": "Fields.FieldErrorHandler.Critical Error"
                      }
                    }
                  },
                  "fieldActions": [
                    {
                      "name": "Create Group",
                      "field": "Fields.Create Group",
                      "data": {
                        "Group-type": {
                          "type": "DataTypes.Group",
                          "value": "Group-type"
                        }
                      },
                      "ActionSignals": {
                        "Error": {
                          "CourseActionSignal": "Error"
                        }
                      }
                    }
                  ]
                },
                "Create Sprite": {
                  "data": {
                    "DataSprite-type": {
                      "type": "DataTypes.DataSprite",
                      "value": "Data.DataSprite"
                    }
                  },
                  "CourseActionSignals": {
                    "Error": {
                      "Signal": {
                        "name": "Critical Error",
                        "type": "Field",
                        "path": "Fields.FieldErrorHandler.Critical Error"
                      }
                    }
                  },
                  "fieldActions": [
                    {
                      "name": "CreateSprite",
                      "field": "Fields.CreateSprite",
                      "data": {
                        "DataSprite": {
                          "type": "DataTypes.DataSprite",
                          "value": "DataSprite-type"
                        },
                        "DataSprite2": {
                          "type": "DataTypes.DataSprite",
                          "value": null
                        }
                      },
                      "ActionSignals": {
                        "Error": {
                          "CourseActionSignal": "Error"
                        }
                      }
                    }
                  ]
                }
              }
            }
          }
        },
        "Star4": {
          "name": "Star4",
          "base": "Test Game.library.Star",
          "childs": {
            "Sprite": {
              "name": "Sprite",
              "base": "Canvas.library.Sprite",
              "Data": {
                "DataSprite": {
                  "type": "Data",
                  "base": "DataSprite",
                  "value": {
                    "x": {
                      "type": "Number",
                      "value": 400,
                      "name": "x"
                    }
                  },
                  "name": "DataSprite"
                }
              },
              "Courses": {
                "create sprite under group": {
                  "childs": [
                    {
                      "name": "CreateGroup",
                      "type": "Course",
                      "courseAction": "Create Group"
                    },
                    {
                      "name": "CreateSprite",
                      "type": "Course",
                      "courseAction": "Create Sprite"
                    }
                  ],
                  "signals": [
                    {
                      "name": "SignalCreate",
                      "type": "Field",
                      "path": "Fields.FieldGameEngine.SignalCreate"
                    }
                  ],
                  "courseAction": null
                }
              },
              "CourseActions": {
                "Create Group": {
                  "data": {
                    "Group-type": {
                      "type": "DataTypes.Group",
                      "value": "Data.DataSprite.Group"
                    }
                  },
                  "CourseActionSignals": {
                    "Error": {
                      "Signal": {
                        "name": "Critical Error",
                        "type": "Field",
                        "path": "Fields.FieldErrorHandler.Critical Error"
                      }
                    }
                  },
                  "fieldActions": [
                    {
                      "name": "Create Group",
                      "field": "Fields.Create Group",
                      "data": {
                        "Group-type": {
                          "type": "DataTypes.Group",
                          "value": "Group-type"
                        }
                      },
                      "ActionSignals": {
                        "Error": {
                          "CourseActionSignal": "Error"
                        }
                      }
                    }
                  ]
                },
                "Create Sprite": {
                  "data": {
                    "DataSprite-type": {
                      "type": "DataTypes.DataSprite",
                      "value": "Data.DataSprite"
                    }
                  },
                  "CourseActionSignals": {
                    "Error": {
                      "Signal": {
                        "name": "Critical Error",
                        "type": "Field",
                        "path": "Fields.FieldErrorHandler.Critical Error"
                      }
                    }
                  },
                  "fieldActions": [
                    {
                      "name": "CreateSprite",
                      "field": "Fields.CreateSprite",
                      "data": {
                        "DataSprite": {
                          "type": "DataTypes.DataSprite",
                          "value": "DataSprite-type"
                        },
                        "DataSprite2": {
                          "type": "DataTypes.DataSprite",
                          "value": null
                        }
                      },
                      "ActionSignals": {
                        "Error": {
                          "CourseActionSignal": "Error"
                        }
                      }
                    }
                  ]
                }
              }
            }
          }
        },
        "Star3": {
          "name": "Star3",
          "base": "Test Game.library.Star",
          "childs": {
            "Sprite": {
              "name": "Sprite",
              "base": "Canvas.library.Sprite",
              "Data": {
                "DataSprite": {
                  "type": "Data",
                  "base": "DataSprite",
                  "value": {
                    "x": {
                      "type": "Number",
                      "value": 300,
                      "name": "x"
                    }
                  },
                  "name": "DataSprite"
                }
              },
              "Courses": {
                "create sprite under group": {
                  "childs": [
                    {
                      "name": "CreateGroup",
                      "type": "Course",
                      "courseAction": "Create Group"
                    },
                    {
                      "name": "CreateSprite",
                      "type": "Course",
                      "courseAction": "Create Sprite"
                    }
                  ],
                  "signals": [
                    {
                      "name": "SignalCreate",
                      "type": "Field",
                      "path": "Fields.FieldGameEngine.SignalCreate"
                    }
                  ],
                  "courseAction": null
                }
              },
              "CourseActions": {
                "Create Group": {
                  "data": {
                    "Group-type": {
                      "type": "DataTypes.Group",
                      "value": "Data.DataSprite.Group"
                    }
                  },
                  "CourseActionSignals": {
                    "Error": {
                      "Signal": {
                        "name": "Critical Error",
                        "type": "Field",
                        "path": "Fields.FieldErrorHandler.Critical Error"
                      }
                    }
                  },
                  "fieldActions": [
                    {
                      "name": "Create Group",
                      "field": "Fields.Create Group",
                      "data": {
                        "Group-type": {
                          "type": "DataTypes.Group",
                          "value": "Group-type"
                        }
                      },
                      "ActionSignals": {
                        "Error": {
                          "CourseActionSignal": "Error"
                        }
                      }
                    }
                  ]
                },
                "Create Sprite": {
                  "data": {
                    "DataSprite-type": {
                      "type": "DataTypes.DataSprite",
                      "value": "Data.DataSprite"
                    }
                  },
                  "CourseActionSignals": {
                    "Error": {
                      "Signal": {
                        "name": "Critical Error",
                        "type": "Field",
                        "path": "Fields.FieldErrorHandler.Critical Error"
                      }
                    }
                  },
                  "fieldActions": [
                    {
                      "name": "CreateSprite",
                      "field": "Fields.CreateSprite",
                      "data": {
                        "DataSprite": {
                          "type": "DataTypes.DataSprite",
                          "value": "DataSprite-type"
                        },
                        "DataSprite2": {
                          "type": "DataTypes.DataSprite",
                          "value": null
                        }
                      },
                      "ActionSignals": {
                        "Error": {
                          "CourseActionSignal": "Error"
                        }
                      }
                    }
                  ]
                }
              }
            }
          }
        }
      },
      "Courses": {
        "CheckOverlap": {
          "signals": [
            {
              "name": "SignalUpdate",
              "type": "Field",
              "path": "Fields.FieldGameEngine.SignalUpdate"
            }
          ],
          "courseAction": "CheckOverlapHeroStar"
        },
        "AddCollisionChecks": {
          "childs": [
            {
              "name": "CollisionStarPlatform",
              "type": "Course",
              "courseAction": "CollisionStarPlatform"
            },
            {
              "name": "CollisionHeroPlatform",
              "type": "Course",
              "courseAction": "CollisionHeroPlatform"
            }
          ],
          "signals": [
            {
              "name": "SignalCreate",
              "type": "Field",
              "path": "Fields.FieldGameEngine.SignalCreate"
            }
          ],
          "courseAction": null
        }
      }
    },
    "Game Engine": {
      "name": "Game Engine",
      "base": "Game Engine",
      "Modules": {
        "GameEngine": {
          "name": "GameEngine",
          "Filename": "ModGameEngine",
          "ImplementationClass": "ModuleGameEngine",
          "init": {
            "signals": {
              "SignalUpdate": {
                "name": "SignalUpdate",
                "type": "Field",
                "path": "Fields.FieldGameEngine.SignalUpdate"
              },
              "SignalCreate": {
                "name": "SignalCreate",
                "type": "Field",
                "path": "Fields.FieldGameEngine.SignalCreate"
              }
            }
          },
          "genFileName": "ModGameEngine",
          "agentName": "Game Engine"
        }
      }
    }
  }
}